id,question,answer,topic,evidence_ref
seed-1,"What is the maximum allowed time to report a suspected security incident?","All suspected security incidents must be reported to the SOC within 60 minutes of detection.","Incident Reporting","policy.txt:sec1"
seed-2,"What password length is mandatory for standard corporate accounts?","Standard corporate accounts require passwords of at least 14 characters with uppercase, lowercase, numbers, and symbols.","Access Control & MFA","policy.txt:sec2"
seed-3,"Is multi-factor authentication mandatory for remote VPN access?","Yes, phishing-resistant MFA is mandatory for all remote VPN access and privileged sessions.","Access Control & MFA","policy.txt:sec2"
seed-4,"How long are access audit logs retained under the compliance policy?","Access audit logs must be retained in immutable storage for a minimum of 365 days.","Data Retention","policy.txt:sec3"
seed-5,"What encryption algorithm is required for data at rest in cloud databases?","Data at rest must be encrypted using AES-256 or an approved cloud-managed cryptographic key.","Encryption Standards","policy.txt:sec4"
seed-6,"What protocol is required for data in transit across public networks?","All data in transit across public networks must use TLS 1.3 with forward secrecy.","Encryption Standards","policy.txt:sec4"
seed-7,"What is the required screen-lock timeout on corporate laptops?","Corporate laptops must automatically lock the screen after 5 minutes of inactivity.","Device Compliance","policy.txt:sec5"
seed-8,"Are employees allowed to disable corporate endpoint detection software?","No, endpoint protection agents are tamper-protected and must never be disabled or bypassed.","Device Compliance","policy.txt:sec5"
seed-9,"How often must third-party vendors undergo security risk reassessments?","High-risk third-party vendors must undergo comprehensive security reviews annually.","Third-Party Risk","policy.txt:sec6"
seed-10,"What certification is required for cloud service providers processing customer PII?","Cloud providers must maintain an active SOC 2 Type II certification or ISO 27001 compliance.","Third-Party Risk","policy.txt:sec6"
seed-11,"What is the escalation procedure when ransomware activity is identified?","Isolate the affected host from the network immediately and notify the incident response commander.","Incident Reporting","policy.txt:sec1"
seed-12,"Who must approve temporary administrative access to production systems?","Temporary administrative access requires dual authorization from the system owner and security officer.","Access Control & MFA","policy.txt:sec2"
seed-13,"How often are user access rights reviewed by department managers?","User access rights must be formally reviewed and recertified quarterly by business managers.","Access Control & MFA","policy.txt:sec2"
seed-14,"How should decommissioned hard drives and storage media be destroyed?","Storage media must be degaussed or physically shredded by a certified disposal contractor.","Data Retention","policy.txt:sec3"
seed-15,"What is the data retention period for employee termination records?","Employee personnel files and termination records are retained for 7 years following separation.","Data Retention","policy.txt:sec3"
seed-16,"Are self-signed certificates allowed in production environments?","No, all certificates used in production environments must be issued by an approved enterprise CA.","Encryption Standards","policy.txt:sec4"
seed-17,"What key rotation schedule applies to database encryption keys?","Cryptographic master keys must be automatically rotated at least once every 12 months.","Encryption Standards","policy.txt:sec4"
seed-18,"What must an employee do immediately if a company device is lost or stolen?","Report the loss to the security operations center within 2 hours to initiate remote wipe.","Device Compliance","policy.txt:sec5"
seed-19,"Can personal USB flash drives be connected to company workstations?","No, USB mass storage devices are blocked by default by device control policies.","Device Compliance","policy.txt:sec5"
seed-20,"What contract clause is required for all data processing partners?","All data processors must sign a Data Protection Addendum (DPA) committing to security baselines.","Third-Party Risk","policy.txt:sec6"
seed-21,"How quickly must a vendor report a security breach involving company data?","Vendors are contractually bound to report security incidents within 24 hours of confirmation.","Third-Party Risk","policy.txt:sec6"
seed-22,"What severity classification is assigned to unauthorized access to customer databases?","Unauthorized access to production customer databases is classified as a Severity 1 Critical incident.","Incident Reporting","policy.txt:sec1"
seed-23,"How many consecutive failed login attempts trigger an account lockout?","Accounts are temporarily locked out after 5 consecutive failed authentication attempts.","Access Control & MFA","policy.txt:sec2"
seed-24,"What is the minimum session timeout for privileged administrative consoles?","Administrative console sessions must expire after 15 minutes of user inactivity.","Access Control & MFA","policy.txt:sec2"
seed-25,"What backup schedule is mandatory for mission-critical relational databases?","Mission-critical databases require continuous transaction log backups and daily full snapshots.","Data Retention","policy.txt:sec3"
seed-26,"Where must offsite database backup replicas be geographically stored?","Backups must be replicated to a secondary cloud region located at least 250 miles away.","Data Retention","policy.txt:sec3"
seed-27,"What hash algorithm is approved for digital signature verification?","Digital signatures must utilize SHA-256, SHA-384, or SHA-512; SHA-1 and MD5 are prohibited.","Encryption Standards","policy.txt:sec4"
seed-28,"What operating system patch window is enforced for critical vulnerabilities?","Critical security patches must be tested and deployed within 7 calendar days of vendor release.","Device Compliance","policy.txt:sec5"
seed-29,"Are jailbroken or rooted mobile devices permitted to sync company email?","No, mobile device management blocks and wipes company containers on rooted devices.","Device Compliance","policy.txt:sec5"
seed-30,"What happens to third-party access credentials upon project completion?","Third-party accounts are automatically disabled on the scheduled project termination date.","Third-Party Risk","policy.txt:sec6"
